State,Year,Total Employed RN,Hourly Wage Avg,Annual Salary Avg,FIPS
Alabama,2020,48850.0,28.96,60230.0,1.0
Alaska,2020,6240.0,45.81,95270.0,2.0
Arizona,2020,55520.0,38.64,80380.0,4.0
Arkansas,2020,25300.0,30.6,63640.0,5.0
California,2020,307060.0,57.96,120560.0,6.0
Colorado,2020,52330.0,37.43,77860.0,8.0
Connecticut,2020,33400.0,40.79,84850.0,9.0
Delaware,2020,11410.0,35.74,74330.0,10.0
Florida,2020,183130.0,33.42,69510.0,12.0
Georgia,2020,73230.0,34.38,71510.0,13.0
Hawaii,2020,11260.0,50.4,104830.0,15.0
Idaho,2020,12800.0,34.44,71640.0,16.0
Illinois,2020,127450.0,35.85,74560.0,17.0
Indiana,2020,66460.0,32.45,67490.0,18.0
Iowa,2020,32610.0,30.08,62570.0,19.0
Kansas,2020,29430.0,30.87,64200.0,20.0
Kentucky,2020,42940.0,31.12,64730.0,21.0
Louisiana,2020,41690.0,32.7,68010.0,22.0
Maine,2020,14160.0,34.16,71040.0,23.0
Maryland,2020,51480.0,39.23,81590.0,24.0
Massachusetts,2020,84030.0,46.27,96250.0,25.0
Michigan,2020,97820.0,35.57,73980.0,26.0
Minnesota,2020,70820.0,38.92,80960.0,27.0
Mississippi,2020,28800.0,29.45,61250.0,28.0
Missouri,2020,71560.0,31.68,65900.0,29.0
Montana,2020,9980.0,33.91,70530.0,30.0
Nebraska,2020,24060.0,33.41,69480.0,31.0
Nevada,2020,23420.0,43.15,89750.0,32.0
New Hampshire,2020,13840.0,36.52,75970.0,33.0
New Jersey,2020,78590.0,41.21,85720.0,34.0
New Mexico,2020,17100.0,36.4,75700.0,35.0
New York,2020,178550.0,43.16,89760.0,36.0
North Carolina,2020,99110.0,33.15,68950.0,37.0
North Dakota,2020,9970.0,33.47,69630.0,38.0
Ohio,2020,129090.0,33.53,69750.0,39.0
Oklahoma,2020,32950.0,32.02,66600.0,40.0
Oregon,2020,36840.0,46.27,96230.0,41.0
Pennsylvania,2020,146640.0,35.66,74170.0,42.0
Rhode Island,2020,12150.0,39.81,82790.0,44.0
South Carolina,2020,45930.0,32.28,67140.0,45.0
South Dakota,2020,13130.0,29.31,60960.0,46.0
Tennessee,2020,61040.0,30.83,64120.0,47.0
Texas,2020,219330.0,36.92,76800.0,48.0
Utah,2020,23690.0,33.83,70370.0,49.0
Vermont,2020,6810.0,34.68,72140.0,50.0
Virginia,2020,66450.0,35.76,74380.0,51.0
Washington,2020,59300.0,43.9,91310.0,53.0
West Virginia,2020,19800.0,31.31,65130.0,54.0
Wisconsin,2020,63630.0,35.94,74760.0,55.0
Wyoming,2020,5010.0,34.9,72600.0,56.0
Alabama,2018,49490.0,28.59,59470.0,1.0
Alaska,2018,5730.0,42.94,89310.0,2.0
Arizona,2018,54690.0,37.02,77000.0,4.0
Arkansas,2018,25380.0,29.22,60780.0,5.0
California,2018,294510.0,51.42,106950.0,6.0
Colorado,2018,51760.0,35.69,74240.0,8.0
Connecticut,2018,31400.0,39.05,81220.0,9.0
Delaware,2018,11840.0,35.96,74800.0,10.0
Florida,2018,177600.0,31.83,66210.0,12.0
Georgia,2018,76640.0,33.15,68950.0,13.0
Hawaii,2018,11310.0,47.16,98080.0,15.0
Idaho,2018,13790.0,32.26,67110.0,16.0
Illinois,2018,129400.0,35.53,73890.0,17.0
Indiana,2018,67870.0,31.18,64860.0,18.0
Iowa,2018,33770.0,28.43,59130.0,19.0
Kansas,2018,27810.0,29.34,61030.0,20.0
Kentucky,2018,46130.0,30.34,63100.0,21.0
Louisiana,2018,43110.0,30.76,63970.0,22.0
Maine,2018,14460.0,32.51,67610.0,23.0
Maryland,2018,54080.0,36.93,76820.0,24.0
Massachusetts,2018,80630.0,44.3,92140.0,25.0
Michigan,2018,96680.0,34.29,71330.0,26.0
Minnesota,2018,69000.0,37.94,78920.0,27.0
Mississippi,2018,29860.0,28.12,58490.0,28.0
Missouri,2018,71770.0,31.31,65130.0,29.0
Montana,2018,10100.0,32.43,67450.0,30.0
Nebraska,2018,22970.0,31.0,64470.0,31.0
Nevada,2018,22560.0,41.16,85620.0,32.0
New Hampshire,2018,13630.0,34.98,72760.0,33.0
New Jersey,2018,79530.0,39.78,82750.0,34.0
New Mexico,2018,16730.0,34.49,71730.0,35.0
New York,2018,182490.0,41.16,85610.0,36.0
North Carolina,2018,102500.0,31.18,64850.0,37.0
North Dakota,2018,8770.0,31.61,65740.0,38.0
Ohio,2018,125380.0,32.13,66820.0,39.0
Oklahoma,2018,29330.0,30.33,63080.0,40.0
Oregon,2018,36020.0,43.79,91080.0,41.0
Pennsylvania,2018,148520.0,33.84,70390.0,42.0
Rhode Island,2018,12630.0,37.7,78420.0,44.0
South Carolina,2018,44350.0,31.22,64940.0,45.0
South Dakota,2018,12760.0,28.05,58340.0,46.0
Tennessee,2018,60360.0,29.48,61320.0,47.0
Texas,2018,210350.0,35.04,72890.0,48.0
Utah,2018,21700.0,31.57,65670.0,49.0
Vermont,2018,6460.0,33.25,69160.0,50.0
Virginia,2018,64750.0,33.55,69790.0,51.0
Washington,2018,56290.0,39.75,82670.0,53.0
West Virginia,2018,19930.0,29.7,61780.0,54.0
Wisconsin,2018,59030.0,34.36,71470.0,55.0
Wyoming,2018,5010.0,32.38,67360.0,56.0
Alabama,2015,44000.0,27.35,56890.0,1.0
Alaska,2015,5910.0,42.55,88510.0,2.0
Arizona,2015,49800.0,34.51,71790.0,4.0
Arkansas,2015,22480.0,27.34,56870.0,5.0
California,2015,255010.0,48.68,101260.0,6.0
Colorado,2015,45760.0,33.65,69990.0,8.0
Connecticut,2015,32440.0,37.18,77330.0,9.0
Delaware,2015,10370.0,34.33,71410.0,10.0
Florida,2015,168870.0,30.75,63960.0,12.0
Georgia,2015,68980.0,30.38,63190.0,13.0
Hawaii,2015,10990.0,43.33,90130.0,15.0
Idaho,2015,12140.0,29.46,61280.0,16.0
Illinois,2015,113040.0,33.54,69760.0,17.0
Indiana,2015,60890.0,28.32,58910.0,18.0
Iowa,2015,31630.0,26.46,55040.0,19.0
Kansas,2015,27200.0,27.6,57410.0,20.0
Kentucky,2015,43630.0,28.26,58770.0,21.0
Louisiana,2015,42270.0,30.03,62450.0,22.0
Maine,2015,14210.0,30.92,64310.0,23.0
Maryland,2015,51100.0,35.19,73200.0,24.0
Massachusetts,2015,83780.0,42.62,88650.0,25.0
Michigan,2015,91130.0,32.54,67690.0,26.0
Minnesota,2015,59640.0,34.77,72310.0,27.0
Mississippi,2015,27810.0,27.39,56980.0,28.0
Missouri,2015,65860.0,28.44,59150.0,29.0
Montana,2015,9640.0,30.12,62650.0,30.0
Nebraska,2015,20600.0,28.35,58970.0,31.0
Nevada,2015,19470.0,39.16,81460.0,32.0
New Hampshire,2015,12720.0,32.3,67190.0,33.0
New Jersey,2015,78460.0,38.38,79840.0,34.0
New Mexico,2015,15110.0,31.74,66030.0,35.0
New York,2015,171880.0,37.96,78950.0,36.0
North Carolina,2015,95670.0,29.07,60460.0,37.0
North Dakota,2015,8370.0,28.31,58890.0,38.0
Ohio,2015,126270.0,30.19,62800.0,39.0
Oklahoma,2015,26080.0,28.39,59040.0,40.0
Oregon,2015,32490.0,40.29,83800.0,41.0
Pennsylvania,2015,136090.0,32.47,67550.0,42.0
Rhode Island,2015,11950.0,36.74,76410.0,44.0
South Carolina,2015,42440.0,29.38,61110.0,45.0
South Dakota,2015,11950.0,26.49,55100.0,46.0
Tennessee,2015,55710.0,27.67,57560.0,47.0
Texas,2015,198650.0,33.6,69890.0,48.0
Utah,2015,19930.0,29.33,61000.0,49.0
Vermont,2015,6360.0,31.65,65840.0,50.0
Virginia,2015,63340.0,31.41,65340.0,51.0
Washington,2015,52880.0,37.56,78130.0,53.0
West Virginia,2015,20020.0,27.89,58010.0,54.0
Wisconsin,2015,55460.0,31.94,66440.0,55.0
Wyoming,2015,4910.0,29.84,62080.0,56.0
Alabama,2013,43600.0,26.86,55870.0,1.0
Alaska,2013,5790.0,40.21,83640.0,2.0
Arizona,2013,46290.0,34.34,71430.0,4.0
Arkansas,2013,23480.0,27.0,56150.0,5.0
California,2013,252940.0,46.62,96980.0,6.0
Colorado,2013,41860.0,33.16,68980.0,8.0
Connecticut,2013,34820.0,36.67,76280.0,9.0
Delaware,2013,9740.0,33.97,70660.0,10.0
Florida,2013,162530.0,29.84,62060.0,12.0
Georgia,2013,66080.0,29.63,61630.0,13.0
Hawaii,2013,10300.0,41.05,85380.0,15.0
Idaho,2013,12150.0,28.74,59770.0,16.0
Illinois,2013,109480.0,32.08,66730.0,17.0
Indiana,2013,59730.0,28.04,58320.0,18.0
Iowa,2013,32100.0,25.73,53520.0,19.0
Kansas,2013,26940.0,27.12,56410.0,20.0
Kentucky,2013,42400.0,27.65,57520.0,21.0
Louisiana,2013,40600.0,29.7,61780.0,22.0
Maine,2013,13890.0,30.12,62640.0,23.0
Maryland,2013,46070.0,34.18,71100.0,24.0
Massachusetts,2013,79270.0,40.25,83720.0,25.0
Michigan,2013,91840.0,31.64,65820.0,26.0
Minnesota,2013,57920.0,34.21,71160.0,27.0
Mississippi,2013,27590.0,27.18,56530.0,28.0
Missouri,2013,64870.0,27.9,58040.0,29.0
Montana,2013,9040.0,29.18,60700.0,30.0
Nebraska,2013,19550.0,27.37,56920.0,31.0
Nevada,2013,17160.0,37.89,78800.0,32.0
New Hampshire,2013,12180.0,31.03,64540.0,33.0
New Jersey,2013,75410.0,37.19,77360.0,34.0
New Mexico,2013,14540.0,31.2,64900.0,35.0
New York,2013,169820.0,36.29,75470.0,36.0
North Carolina,2013,88350.0,28.51,59290.0,37.0
North Dakota,2013,7750.0,26.94,56030.0,38.0
Ohio,2013,124400.0,29.69,61750.0,39.0
Oklahoma,2013,25960.0,27.47,57130.0,40.0
Oregon,2013,28490.0,38.67,80440.0,41.0
Pennsylvania,2013,124750.0,31.74,66010.0,42.0
Rhode Island,2013,11570.0,35.62,74080.0,44.0
South Carolina,2013,41950.0,28.69,59670.0,45.0
South Dakota,2013,11540.0,25.51,53050.0,46.0
Tennessee,2013,57760.0,27.27,56730.0,47.0
Texas,2013,190090.0,32.62,67860.0,48.0
Utah,2013,18550.0,28.89,60090.0,49.0
Vermont,2013,6710.0,30.41,63260.0,50.0
Virginia,2013,60120.0,30.36,63150.0,51.0
Washington,2013,53060.0,36.74,76420.0,53.0
West Virginia,2013,18440.0,26.56,55240.0,54.0
Wisconsin,2013,56870.0,30.99,64460.0,55.0
Wyoming,2013,4500.0,29.56,61480.0,56.0
Alabama,2012,43760.0,26.57,55270.0,1.0
Alaska,2012,5350.0,38.93,80970.0,2.0
Arizona,2012,45600.0,34.32,71390.0,4.0
Arkansas,2012,23480.0,26.62,55360.0,5.0
California,2012,249980.0,45.25,94120.0,6.0
Colorado,2012,41380.0,32.66,67920.0,8.0
Connecticut,2012,34820.0,36.37,75660.0,9.0
Delaware,2012,9660.0,34.05,70820.0,10.0
Florida,2012,163720.0,29.7,61780.0,12.0
Georgia,2012,64180.0,29.22,60770.0,13.0
Hawaii,2012,10060.0,40.74,84750.0,15.0
Idaho,2012,11420.0,28.42,59100.0,16.0
Illinois,2012,114730.0,31.86,66260.0,17.0
Indiana,2012,58430.0,27.65,57520.0,18.0
Iowa,2012,32170.0,25.26,52540.0,19.0
Kansas,2012,26380.0,26.94,56040.0,20.0
Kentucky,2012,42920.0,27.65,57510.0,21.0
Louisiana,2012,40180.0,29.45,61260.0,22.0
Maine,2012,14260.0,29.18,60700.0,23.0
Maryland,2012,45630.0,34.18,71090.0,24.0
Massachusetts,2012,79570.0,40.08,83370.0,25.0
Michigan,2012,90540.0,30.97,64430.0,26.0
Minnesota,2012,54940.0,34.03,70780.0,27.0
Mississippi,2012,28200.0,27.76,57740.0,28.0
Missouri,2012,65260.0,27.4,56990.0,29.0
Montana,2012,8400.0,28.81,59920.0,30.0
Nebraska,2012,18590.0,27.09,56350.0,31.0
Nevada,2012,16790.0,37.44,77870.0,32.0
New Hampshire,2012,12530.0,30.73,63920.0,33.0
New Jersey,2012,74700.0,36.45,75820.0,34.0
New Mexico,2012,14780.0,32.07,66710.0,35.0
New York,2012,166950.0,35.63,74100.0,36.0
North Carolina,2012,86240.0,28.25,58760.0,37.0
North Dakota,2012,7580.0,25.73,53520.0,38.0
Ohio,2012,120460.0,29.31,60970.0,39.0
Oklahoma,2012,26850.0,26.91,55980.0,40.0
Oregon,2012,28840.0,37.75,78530.0,41.0
Pennsylvania,2012,125220.0,31.25,65000.0,42.0
Rhode Island,2012,11840.0,35.13,73070.0,44.0
South Carolina,2012,41870.0,28.33,58940.0,45.0
South Dakota,2012,11030.0,25.39,52800.0,46.0
Tennessee,2012,55580.0,26.83,55800.0,47.0
Texas,2012,187290.0,31.9,66350.0,48.0
Utah,2012,17920.0,28.76,59810.0,49.0
Vermont,2012,6310.0,30.46,63350.0,50.0
Virginia,2012,58650.0,30.31,63050.0,51.0
Washington,2012,51060.0,36.22,75350.0,53.0
West Virginia,2012,17440.0,26.2,54490.0,54.0
Wisconsin,2012,54640.0,30.77,64000.0,55.0
Wyoming,2012,4460.0,29.18,60690.0,56.0
Alabama,2019,49190.0,28.96,60230.0,1.0
Alaska,2019,6210.0,43.51,90500.0,2.0
Arizona,2019,54590.0,37.66,78330.0,4.0
Arkansas,2019,25210.0,29.49,61330.0,5.0
California,2019,302770.0,54.44,113240.0,6.0
Colorado,2019,52510.0,36.65,76230.0,8.0
Connecticut,2019,34740.0,40.12,83440.0,9.0
Delaware,2019,11730.0,35.63,74100.0,10.0
Florida,2019,181670.0,32.5,67610.0,12.0
Georgia,2019,75430.0,33.46,69590.0,13.0
Hawaii,2019,11330.0,50.03,104060.0,15.0
Idaho,2019,14110.0,33.4,69480.0,16.0
Illinois,2019,129530.0,35.34,73510.0,17.0
Indiana,2019,67510.0,32.0,66560.0,18.0
Iowa,2019,32980.0,29.13,60590.0,19.0
Kansas,2019,30370.0,30.02,62450.0,20.0
Kentucky,2019,43840.0,30.65,63750.0,21.0
Louisiana,2019,40870.0,31.66,65850.0,22.0
Maine,2019,14490.0,33.54,69760.0,23.0
Maryland,2019,53150.0,37.46,77910.0,24.0
Massachusetts,2019,81020.0,44.79,93160.0,25.0
Michigan,2019,96900.0,35.19,73200.0,26.0
Minnesota,2019,71000.0,38.52,80130.0,27.0
Mississippi,2019,29550.0,28.73,59750.0,28.0
Missouri,2019,68840.0,30.85,64160.0,29.0
Montana,2019,10310.0,33.34,69340.0,30.0
Nebraska,2019,23800.0,32.04,66640.0,31.0
Nevada,2019,22940.0,42.49,88380.0,32.0
New Hampshire,2019,14320.0,35.52,73880.0,33.0
New Jersey,2019,80140.0,40.52,84280.0,34.0
New Mexico,2019,17350.0,35.24,73300.0,35.0
New York,2019,178320.0,42.23,87840.0,36.0
North Carolina,2019,99960.0,31.94,66440.0,37.0
North Dakota,2019,9750.0,31.87,66290.0,38.0
Ohio,2019,125470.0,32.8,68220.0,39.0
Oklahoma,2019,31350.0,31.15,64800.0,40.0
Oregon,2019,36660.0,44.69,92960.0,41.0
Pennsylvania,2019,148040.0,34.33,71410.0,42.0
Rhode Island,2019,12630.0,39.57,82310.0,44.0
South Carolina,2019,46860.0,31.17,64840.0,45.0
South Dakota,2019,12950.0,28.63,59540.0,46.0
Tennessee,2019,63330.0,30.08,62570.0,47.0
Texas,2019,218090.0,35.84,74540.0,48.0
Utah,2019,21650.0,32.68,67970.0,49.0
Vermont,2019,7020.0,33.77,70240.0,50.0
Virginia,2019,66040.0,34.56,71870.0,51.0
Washington,2019,58000.0,41.43,86170.0,53.0
West Virginia,2019,19830.0,30.39,63220.0,54.0
Wisconsin,2019,61930.0,34.91,72610.0,55.0
Wyoming,2019,5120.0,33.03,68690.0,56.0
Alabama,2009,42880.0,27.82,57860.0,1.0
Alaska,2009,5010.0,36.04,74970.0,2.0
Arizona,2009,38570.0,32.27,67130.0,4.0
Arkansas,2009,23050.0,27.42,57040.0,5.0
California,2009,233030.0,40.9,85080.0,6.0
Colorado,2009,41750.0,32.12,66800.0,8.0
Connecticut,2009,35790.0,34.58,71930.0,9.0
Delaware,2009,10220.0,34.02,70770.0,10.0
Florida,2009,150940.0,29.94,62270.0,12.0
Georgia,2009,65370.0,29.3,60940.0,13.0
Hawaii,2009,8930.0,38.47,80020.0,15.0
Idaho,2009,10540.0,29.48,61320.0,16.0
Illinois,2009,116340.0,31.46,65440.0,17.0
Indiana,2009,57880.0,27.84,57910.0,18.0
Iowa,2009,30750.0,24.97,51930.0,19.0
Kansas,2009,26320.0,26.79,55730.0,20.0
Kentucky,2009,43250.0,27.94,58110.0,21.0
Louisiana,2009,39560.0,28.99,60290.0,22.0
Maine,2009,14410.0,31.37,65240.0,23.0
Maryland,2009,51620.0,36.7,76330.0,24.0
Massachusetts,2009,83060.0,39.32,81780.0,25.0
Michigan,2009,84620.0,30.82,64100.0,26.0
Minnesota,2009,57560.0,34.98,72760.0,27.0
Mississippi,2009,28030.0,27.7,57630.0,28.0
Missouri,2009,62130.0,27.62,57460.0,29.0
Montana,2009,8340.0,27.1,56380.0,30.0
Nebraska,2009,18930.0,26.46,55040.0,31.0
Nevada,2009,16100.0,35.07,72940.0,32.0
New Hampshire,2009,13330.0,29.84,62060.0,33.0
New Jersey,2009,74730.0,36.05,74990.0,34.0
New Mexico,2009,12340.0,30.55,63550.0,35.0
New York,2009,165730.0,34.99,72790.0,36.0
North Carolina,2009,88190.0,28.31,58880.0,37.0
North Dakota,2009,6260.0,26.98,56110.0,38.0
Ohio,2009,117870.0,28.72,59740.0,39.0
Oklahoma,2009,27340.0,25.58,53210.0,40.0
Oregon,2009,30730.0,35.24,73300.0,41.0
Pennsylvania,2009,129810.0,30.58,63600.0,42.0
Rhode Island,2009,11630.0,33.09,68830.0,44.0
South Carolina,2009,38020.0,28.69,59680.0,45.0
South Dakota,2009,10530.0,25.73,53520.0,46.0
Tennessee,2009,61980.0,28.62,59520.0,47.0
Texas,2009,168020.0,31.09,64670.0,48.0
Utah,2009,17670.0,28.54,59370.0,49.0
Vermont,2009,5680.0,30.4,63230.0,50.0
Virginia,2009,60230.0,30.42,63270.0,51.0
Washington,2009,54260.0,34.83,72450.0,53.0
West Virginia,2009,17340.0,25.5,53030.0,54.0
Wisconsin,2009,53510.0,30.39,63200.0,55.0
Wyoming,2009,4700.0,27.91,58060.0,56.0
Alabama,2008,41560.0,27.25,56670.0,1.0
Alaska,2008,5350.0,35.01,72820.0,2.0
Arizona,2008,37780.0,31.12,64740.0,4.0
Arkansas,2008,23000.0,26.58,55280.0,5.0
California,2008,240470.0,39.92,83040.0,6.0
Colorado,2008,39440.0,30.91,64280.0,8.0
Connecticut,2008,35370.0,33.82,70350.0,9.0
Delaware,2008,9060.0,33.13,68900.0,10.0
Florida,2008,146040.0,29.46,61290.0,12.0
Georgia,2008,64920.0,28.83,59960.0,13.0
Hawaii,2008,8760.0,37.47,77950.0,15.0
Idaho,2008,10850.0,27.78,57770.0,16.0
Illinois,2008,108820.0,30.78,64020.0,17.0
Indiana,2008,56500.0,27.48,57160.0,18.0
Iowa,2008,30170.0,24.37,50700.0,19.0
Kansas,2008,25020.0,26.2,54500.0,20.0
Kentucky,2008,41080.0,27.3,56780.0,21.0
Louisiana,2008,39610.0,28.52,59320.0,22.0
Maine,2008,14050.0,28.61,59520.0,23.0
Maryland,2008,50780.0,35.75,74370.0,24.0
Massachusetts,2008,79670.0,38.17,79390.0,25.0
Michigan,2008,86580.0,30.34,63100.0,26.0
Minnesota,2008,55730.0,33.92,70560.0,27.0
Mississippi,2008,27350.0,27.0,56160.0,28.0
Missouri,2008,60100.0,27.24,56670.0,29.0
Montana,2008,7480.0,26.47,55060.0,30.0
Nebraska,2008,18930.0,25.71,53490.0,31.0
Nevada,2008,15950.0,33.99,70700.0,32.0
New Hampshire,2008,13110.0,28.95,60210.0,33.0
New Jersey,2008,75590.0,35.03,72870.0,34.0
New Mexico,2008,11900.0,29.73,61830.0,35.0
New York,2008,168850.0,35.17,73160.0,36.0
North Carolina,2008,84230.0,27.78,57790.0,37.0
North Dakota,2008,6340.0,26.57,55260.0,38.0
Ohio,2008,114930.0,28.25,58750.0,39.0
Oklahoma,2008,26760.0,24.94,51880.0,40.0
Oregon,2008,29980.0,34.23,71210.0,41.0
Pennsylvania,2008,129060.0,29.51,61390.0,42.0
Rhode Island,2008,11360.0,32.6,67810.0,44.0
South Carolina,2008,36880.0,27.7,57610.0,45.0
South Dakota,2008,10010.0,25.29,52600.0,46.0
Tennessee,2008,61570.0,28.37,59000.0,47.0
Texas,2008,164400.0,29.7,61780.0,48.0
Utah,2008,17230.0,27.91,58050.0,49.0
Vermont,2008,5900.0,29.14,60610.0,50.0
Virginia,2008,60040.0,29.7,61780.0,51.0
Washington,2008,52020.0,34.2,71140.0,53.0
West Virginia,2008,16910.0,25.16,52340.0,54.0
Wisconsin,2008,51700.0,29.88,62140.0,55.0
Wyoming,2008,4300.0,26.39,54880.0,56.0
Alabama,2010,44300.0,27.81,57850.0,1.0
Alaska,2010,5150.0,38.15,79350.0,2.0
Arizona,2010,41730.0,33.76,70220.0,4.0
Arkansas,2010,23730.0,27.16,56500.0,5.0
California,2010,240030.0,42.06,87480.0,6.0
Colorado,2010,41960.0,32.35,67280.0,8.0
Connecticut,2010,35310.0,35.51,73860.0,9.0
Delaware,2010,9900.0,34.1,70920.0,10.0
Florida,2010,158390.0,30.29,63010.0,12.0
Georgia,2010,65390.0,29.65,61670.0,13.0
Hawaii,2010,9390.0,39.48,82130.0,15.0
Idaho,2010,10820.0,30.15,62720.0,16.0
Illinois,2010,120810.0,32.05,66660.0,17.0
Indiana,2010,60300.0,27.8,57820.0,18.0
Iowa,2010,32090.0,24.99,51970.0,19.0
Kansas,2010,28070.0,27.63,57470.0,20.0
Kentucky,2010,44920.0,27.95,58130.0,21.0
Louisiana,2010,40780.0,29.84,62060.0,22.0
Maine,2010,14730.0,31.08,64650.0,23.0
Maryland,2010,50480.0,36.76,76450.0,24.0
Massachusetts,2010,85120.0,40.86,84990.0,25.0
Michigan,2010,86040.0,30.75,63970.0,26.0
Minnesota,2010,56010.0,35.47,73770.0,27.0
Mississippi,2010,28200.0,27.86,57940.0,28.0
Missouri,2010,66810.0,28.43,59140.0,29.0
Montana,2010,8500.0,27.82,57860.0,30.0
Nebraska,2010,18780.0,27.15,56480.0,31.0
Nevada,2010,16780.0,36.21,75320.0,32.0
New Hampshire,2010,13850.0,30.45,63340.0,33.0
New Jersey,2010,76680.0,36.27,75440.0,34.0
New Mexico,2010,13780.0,31.78,66090.0,35.0
New York,2010,169710.0,35.58,74000.0,36.0
North Carolina,2010,90730.0,28.97,60260.0,37.0
North Dakota,2010,6880.0,27.41,57020.0,38.0
Ohio,2010,122300.0,29.13,60590.0,39.0
Oklahoma,2010,28260.0,26.12,54340.0,40.0
Oregon,2010,31950.0,36.23,75350.0,41.0
Pennsylvania,2010,130930.0,31.29,65070.0,42.0
Rhode Island,2010,12430.0,33.96,70640.0,44.0
South Carolina,2010,40520.0,28.87,60040.0,45.0
South Dakota,2010,10690.0,26.31,54730.0,46.0
Tennessee,2010,61890.0,29.08,60480.0,47.0
Texas,2010,176330.0,31.82,66180.0,48.0
Utah,2010,18230.0,29.1,60530.0,49.0
Vermont,2010,5980.0,30.39,63210.0,50.0
Virginia,2010,62020.0,31.26,65020.0,51.0
Washington,2010,52490.0,35.42,73680.0,53.0
West Virginia,2010,17650.0,26.11,54300.0,54.0
Wisconsin,2010,52880.0,30.9,64280.0,55.0
Wyoming,2010,4790.0,28.25,58750.0,56.0
Alabama,2007,42180.0,26.14,54370.0,1.0
Alaska,2007,5150.0,33.8,70300.0,2.0
Arizona,2007,34580.0,29.17,60670.0,4.0
Arkansas,2007,21920.0,25.29,52600.0,5.0
California,2007,233200.0,37.76,78550.0,6.0
Colorado,2007,36850.0,29.76,61890.0,8.0
Connecticut,2007,34690.0,32.16,66890.0,9.0
Delaware,2007,8420.0,31.51,65550.0,10.0
Florida,2007,148180.0,28.58,59450.0,12.0
Georgia,2007,62230.0,27.57,57350.0,13.0
Hawaii,2007,9620.0,35.68,74220.0,15.0
Idaho,2007,9600.0,25.94,53960.0,16.0
Illinois,2007,104130.0,29.36,61060.0,17.0
Indiana,2007,54770.0,26.44,54990.0,18.0
Iowa,2007,29550.0,23.63,49140.0,19.0
Kansas,2007,24070.0,25.2,52420.0,20.0
Kentucky,2007,39120.0,26.83,55800.0,21.0
Louisiana,2007,39090.0,26.77,55670.0,22.0
Maine,2007,13850.0,27.89,58010.0,23.0
Maryland,2007,48840.0,33.89,70480.0,24.0
Massachusetts,2007,78280.0,36.03,74940.0,25.0
Michigan,2007,84480.0,29.34,61030.0,26.0
Minnesota,2007,52690.0,32.46,67510.0,27.0
Mississippi,2007,25350.0,25.67,53400.0,28.0
Missouri,2007,56290.0,26.3,54710.0,29.0
Montana,2007,7160.0,25.63,53320.0,30.0
Nebraska,2007,17870.0,25.25,52520.0,31.0
Nevada,2007,14670.0,32.42,67430.0,32.0
New Hampshire,2007,12730.0,28.32,58900.0,33.0
New Jersey,2007,78510.0,34.08,70900.0,34.0
New Mexico,2007,11400.0,28.64,59570.0,35.0
New York,2007,166990.0,33.47,69620.0,36.0
North Carolina,2007,80090.0,26.89,55920.0,37.0
North Dakota,2007,7000.0,25.77,53610.0,38.0
Ohio,2007,114920.0,27.56,57320.0,39.0
Oklahoma,2007,25700.0,24.2,50330.0,40.0
Oregon,2007,29700.0,32.33,67250.0,41.0
Pennsylvania,2007,126370.0,28.5,59280.0,42.0
Rhode Island,2007,10600.0,31.34,65190.0,44.0
South Carolina,2007,35040.0,26.84,55820.0,45.0
South Dakota,2007,9670.0,24.44,50830.0,46.0
Tennessee,2007,54960.0,26.88,55910.0,47.0
Texas,2007,157870.0,28.71,59720.0,48.0
Utah,2007,16670.0,27.01,56180.0,49.0
Vermont,2007,5660.0,28.34,58950.0,50.0
Virginia,2007,57740.0,28.54,59350.0,51.0
Washington,2007,49910.0,32.42,67430.0,53.0
West Virginia,2007,16970.0,24.53,51020.0,54.0
Wisconsin,2007,50690.0,28.84,59980.0,55.0
Wyoming,2007,4250.0,25.38,52800.0,56.0
Alabama,2002,34970.0,21.21,44120.0,1.0
Alaska,2002,5190.0,26.78,55700.0,2.0
Arizona,2002,32450.0,23.94,49800.0,4.0
Arkansas,2002,18660.0,19.8,41180.0,5.0
California,2002,206140.0,29.01,60350.0,6.0
Colorado,2002,29210.0,23.47,48820.0,8.0
Connecticut,2002,31330.0,26.4,54910.0,9.0
Delaware,2002,6470.0,25.9,53870.0,10.0
Florida,2002,130000.0,22.62,47040.0,12.0
Georgia,2002,55290.0,22.53,46870.0,13.0
Hawaii,2002,7680.0,27.55,57300.0,15.0
Idaho,2002,10050.0,22.14,46050.0,16.0
Illinois,2002,98270.0,22.71,47230.0,17.0
Indiana,2002,49840.0,20.94,43550.0,18.0
Iowa,2002,27690.0,19.14,39810.0,19.0
Kansas,2002,24900.0,19.84,41270.0,20.0
Kentucky,2002,35230.0,21.03,43750.0,21.0
Louisiana,2002,36530.0,21.72,45180.0,22.0
Maine,2002,12100.0,22.3,46390.0,23.0
Maryland,2002,47030.0,29.0,60320.0,24.0
Massachusetts,2002,71750.0,26.48,55080.0,25.0
Michigan,2002,77660.0,24.06,50040.0,26.0
Minnesota,2002,51310.0,25.14,52290.0,27.0
Mississippi,2002,23180.0,20.7,43050.0,28.0
Missouri,2002,50790.0,21.55,44830.0,29.0
Montana,2002,7650.0,20.02,41630.0,30.0
Nebraska,2002,16320.0,20.41,42460.0,31.0
Nevada,2002,12740.0,25.54,53130.0,32.0
New Hampshire,2002,11870.0,22.07,45910.0,33.0
New Jersey,2002,73530.0,26.36,54820.0,34.0
New Mexico,2002,11660.0,22.63,47070.0,35.0
New York,2002,163600.0,26.97,56090.0,36.0
North Carolina,2002,66290.0,22.29,46370.0,37.0
North Dakota,2002,6180.0,20.67,42990.0,38.0
Ohio,2002,104810.0,22.5,46810.0,39.0
Oklahoma,2002,21610.0,20.49,42620.0,40.0
Oregon,2002,26370.0,24.96,51910.0,41.0
Pennsylvania,2002,117470.0,23.05,47940.0,42.0
Rhode Island,2002,11220.0,24.92,51830.0,44.0
South Carolina,2002,28610.0,22.99,47820.0,45.0
South Dakota,2002,8410.0,19.52,40600.0,46.0
Tennessee,2002,53020.0,22.25,46280.0,47.0
Texas,2002,136420.0,22.76,47340.0,48.0
Utah,2002,13820.0,22.54,46880.0,49.0
Vermont,2002,5440.0,21.56,44850.0,50.0
Virginia,2002,50780.0,22.89,47610.0,51.0
Washington,2002,44150.0,25.92,53920.0,53.0
West Virginia,2002,15720.0,20.09,41800.0,54.0
Wisconsin,2002,46560.0,23.0,47840.0,55.0
Wyoming,2002,3530.0,20.19,41980.0,56.0
Alabama,2001,34880.0,20.44,42510.0,1.0
Alaska,2001,4700.0,26.26,54620.0,2.0
Arizona,2001,30070.0,22.83,47480.0,4.0
Arkansas,2001,18110.0,19.05,39630.0,5.0
California,2001,201070.0,27.85,57940.0,6.0
Colorado,2001,29520.0,22.78,47390.0,8.0
Connecticut,2001,31330.0,25.55,53150.0,9.0
Delaware,2001,6280.0,25.41,52860.0,10.0
Florida,2001,144350.0,21.81,45370.0,12.0
Georgia,2001,55230.0,21.84,45420.0,13.0
Hawaii,2001,8120.0,27.1,56370.0,15.0
Idaho,2001,9850.0,21.63,44990.0,16.0
Illinois,2001,102880.0,22.52,46840.0,17.0
Indiana,2001,48690.0,20.36,42350.0,18.0
Iowa,2001,26980.0,18.81,39130.0,19.0
Kansas,2001,22130.0,19.39,40330.0,20.0
Kentucky,2001,34290.0,20.29,42200.0,21.0
Louisiana,2001,35520.0,21.2,44100.0,22.0
Maine,2001,12180.0,21.67,45080.0,23.0
Maryland,2001,44790.0,27.29,56770.0,24.0
Massachusetts,2001,74200.0,25.26,52550.0,25.0
Michigan,2001,76750.0,23.32,48510.0,26.0
Minnesota,2001,49090.0,24.21,50360.0,27.0
Mississippi,2001,22330.0,19.85,41290.0,28.0
Missouri,2001,51170.0,20.84,43350.0,29.0
Montana,2001,7420.0,19.41,40360.0,30.0
Nebraska,2001,16610.0,19.83,41250.0,31.0
Nevada,2001,12720.0,25.41,52860.0,32.0
New Hampshire,2001,11740.0,21.35,44400.0,33.0
New Jersey,2001,70560.0,25.9,53870.0,34.0
New Mexico,2001,11010.0,21.74,45220.0,35.0
New York,2001,160380.0,25.71,53470.0,36.0
North Carolina,2001,65910.0,21.68,45090.0,37.0
North Dakota,2001,6370.0,20.08,41760.0,38.0
Ohio,2001,106400.0,21.78,45300.0,39.0
Oklahoma,2001,20080.0,20.07,41740.0,40.0
Oregon,2001,25740.0,24.33,50610.0,41.0
Pennsylvania,2001,113690.0,22.32,46430.0,42.0
Rhode Island,2001,11480.0,24.3,50550.0,44.0
South Carolina,2001,27550.0,22.58,46960.0,45.0
South Dakota,2001,8350.0,19.05,39630.0,46.0
Tennessee,2001,50680.0,22.18,46130.0,47.0
Texas,2001,132090.0,22.29,46360.0,48.0
Utah,2001,13360.0,22.0,45760.0,49.0
Vermont,2001,5040.0,21.23,44160.0,50.0
Virginia,2001,48650.0,22.13,46020.0,51.0
Washington,2001,42410.0,25.1,52200.0,53.0
West Virginia,2001,15970.0,19.53,40620.0,54.0
Wisconsin,2001,47690.0,22.47,46750.0,55.0
Wyoming,2001,3640.0,19.04,39590.0,56.0
Alabama,2006,40010.0,24.63,51230.0,1.0
Alaska,2006,5260.0,31.17,64830.0,2.0
Arizona,2006,31890.0,28.12,58480.0,4.0
Arkansas,2006,21020.0,24.68,51330.0,5.0
California,2006,234260.0,36.12,75130.0,6.0
Colorado,2006,34520.0,28.18,58620.0,8.0
Connecticut,2006,34710.0,30.87,64210.0,9.0
Delaware,2006,7830.0,29.48,61310.0,10.0
Florida,2006,146290.0,27.26,56710.0,12.0
Georgia,2006,60850.0,26.48,55070.0,13.0
Hawaii,2006,9610.0,33.02,68680.0,15.0
Idaho,2006,9100.0,24.79,51550.0,16.0
Illinois,2006,103100.0,27.21,56590.0,17.0
Indiana,2006,52910.0,25.39,52810.0,18.0
Iowa,2006,31040.0,22.61,47030.0,19.0
Kansas,2006,23590.0,23.64,49170.0,20.0
Kentucky,2006,38120.0,25.04,52080.0,21.0
Louisiana,2006,37940.0,25.51,53070.0,22.0
Maine,2006,13690.0,26.47,55060.0,23.0
Maryland,2006,47560.0,32.87,68370.0,24.0
Massachusetts,2006,76350.0,34.09,70910.0,25.0
Michigan,2006,84880.0,28.7,59700.0,26.0
Minnesota,2006,49580.0,30.83,64120.0,27.0
Mississippi,2006,25100.0,24.1,50130.0,28.0
Missouri,2006,55470.0,25.55,53150.0,29.0
Montana,2006,7290.0,24.78,51550.0,30.0
Nebraska,2006,16840.0,24.71,51410.0,31.0
Nevada,2006,14050.0,30.36,63150.0,32.0
New Hampshire,2006,12440.0,26.54,55200.0,33.0
New Jersey,2006,80330.0,32.02,66600.0,34.0
New Mexico,2006,11680.0,27.4,57000.0,35.0
New York,2006,164970.0,31.92,66390.0,36.0
North Carolina,2006,74400.0,25.85,53770.0,37.0
North Dakota,2006,6900.0,24.38,50720.0,38.0
Ohio,2006,111840.0,26.5,55130.0,39.0
Oklahoma,2006,24720.0,23.31,48480.0,40.0
Oregon,2006,28090.0,30.66,63770.0,41.0
Pennsylvania,2006,126120.0,27.42,57040.0,42.0
Rhode Island,2006,10550.0,29.19,60710.0,44.0
South Carolina,2006,31810.0,25.58,53210.0,45.0
South Dakota,2006,9420.0,23.83,49560.0,46.0
Tennessee,2006,52780.0,26.2,54490.0,47.0
Texas,2006,156590.0,27.49,57180.0,48.0
Utah,2006,16510.0,26.24,54590.0,49.0
Vermont,2006,5870.0,25.47,52990.0,50.0
Virginia,2006,55300.0,27.07,56310.0,51.0
Washington,2006,48190.0,31.2,64900.0,53.0
West Virginia,2006,15380.0,23.78,49470.0,54.0
Wisconsin,2006,48460.0,27.59,57380.0,55.0
Wyoming,2006,4010.0,23.54,48960.0,56.0
Alabama,2003,35470.0,21.54,44800.0,1.0
Alaska,2003,5090.0,26.76,55670.0,2.0
Arizona,2003,32200.0,24.34,50620.0,4.0
Arkansas,2003,18990.0,20.36,42360.0,5.0
California,2003,206280.0,29.94,62270.0,6.0
Colorado,2003,29630.0,24.12,50160.0,8.0
Connecticut,2003,31970.0,27.12,56400.0,9.0
Delaware,2003,6330.0,26.81,55770.0,10.0
Florida,2003,131260.0,23.05,47940.0,12.0
Georgia,2003,56210.0,22.9,47630.0,13.0
Hawaii,2003,7560.0,28.12,58490.0,15.0
Idaho,2003,10200.0,22.84,47500.0,16.0
Illinois,2003,100280.0,23.17,48200.0,17.0
Indiana,2003,49240.0,21.26,44220.0,18.0
Iowa,2003,27020.0,19.74,41050.0,19.0
Kansas,2003,24900.0,20.48,42600.0,20.0
Kentucky,2003,35860.0,21.78,45300.0,21.0
Louisiana,2003,37450.0,22.37,46530.0,22.0
Maine,2003,11740.0,22.95,47730.0,23.0
Maryland,2003,47460.0,29.77,61920.0,24.0
Massachusetts,2003,75730.0,27.72,57650.0,25.0
Michigan,2003,75870.0,24.52,51000.0,26.0
Minnesota,2003,50420.0,25.94,53950.0,27.0
Mississippi,2003,24040.0,21.15,43990.0,28.0
Missouri,2003,50230.0,21.92,45600.0,29.0
Montana,2003,7760.0,20.13,41860.0,30.0
Nebraska,2003,16570.0,20.9,43480.0,31.0
Nevada,2003,14390.0,26.81,55770.0,32.0
New Hampshire,2003,11840.0,22.74,47300.0,33.0
New Jersey,2003,72650.0,27.06,56290.0,34.0
New Mexico,2003,11440.0,23.26,48380.0,35.0
New York,2003,166290.0,27.84,57900.0,36.0
North Carolina,2003,67640.0,23.06,47970.0,37.0
North Dakota,2003,6210.0,21.19,44070.0,38.0
Ohio,2003,102940.0,23.02,47890.0,39.0
Oklahoma,2003,21720.0,20.75,43160.0,40.0
Oregon,2003,26060.0,25.49,53010.0,41.0
Pennsylvania,2003,118460.0,23.75,49390.0,42.0
Rhode Island,2003,10840.0,25.54,53130.0,44.0
South Carolina,2003,29290.0,23.22,48300.0,45.0
South Dakota,2003,8120.0,19.62,40800.0,46.0
Tennessee,2003,49370.0,22.96,47760.0,47.0
Texas,2003,134870.0,23.57,49020.0,48.0
Utah,2003,13430.0,23.08,48010.0,49.0
Vermont,2003,5530.0,22.18,46130.0,50.0
Virginia,2003,51220.0,23.58,49050.0,51.0
Washington,2003,44970.0,26.7,55540.0,53.0
West Virginia,2003,16150.0,21.05,43780.0,54.0
Wisconsin,2003,46040.0,23.65,49180.0,55.0
Wyoming,2003,3580.0,20.84,43350.0,56.0
Alabama,2005,37270.0,23.48,48840.0,1.0
Alaska,2005,5050.0,29.24,60820.0,2.0
Arizona,2005,31010.0,27.06,56280.0,4.0
Arkansas,2005,20250.0,23.37,48620.0,5.0
California,2005,226350.0,33.86,70430.0,6.0
Colorado,2005,33050.0,27.09,56340.0,8.0
Connecticut,2005,34120.0,29.8,61990.0,9.0
Delaware,2005,7710.0,28.01,58260.0,10.0
Florida,2005,138760.0,25.57,53190.0,12.0
Georgia,2005,59720.0,25.2,52430.0,13.0
Hawaii,2005,9240.0,31.49,65490.0,15.0
Idaho,2005,9390.0,23.78,49460.0,16.0
Illinois,2005,102510.0,25.71,53470.0,17.0
Indiana,2005,52330.0,24.05,50020.0,18.0
Iowa,2005,29940.0,21.79,45330.0,19.0
Kansas,2005,25330.0,22.59,46990.0,20.0
Kentucky,2005,37720.0,24.22,50370.0,21.0
Louisiana,2005,39510.0,24.5,50950.0,22.0
Maine,2005,13330.0,25.4,52840.0,23.0
Maryland,2005,49010.0,32.37,67330.0,24.0
Massachusetts,2005,76870.0,31.85,66250.0,25.0
Michigan,2005,81370.0,27.5,57190.0,26.0
Minnesota,2005,49390.0,29.09,60500.0,27.0
Mississippi,2005,25970.0,23.3,48460.0,28.0
Missouri,2005,53440.0,24.35,50650.0,29.0
Montana,2005,7490.0,23.3,48460.0,30.0
Nebraska,2005,16460.0,24.04,50000.0,31.0
Nevada,2005,13980.0,28.68,59660.0,32.0
New Hampshire,2005,12210.0,25.64,53340.0,33.0
New Jersey,2005,80940.0,30.32,63070.0,34.0
New Mexico,2005,11170.0,26.15,54380.0,35.0
New York,2005,164370.0,30.29,63010.0,36.0
North Carolina,2005,72130.0,24.99,51970.0,37.0
North Dakota,2005,6740.0,23.13,48110.0,38.0
Ohio,2005,106600.0,25.55,53150.0,39.0
Oklahoma,2005,24670.0,22.69,47200.0,40.0
Oregon,2005,27970.0,28.98,60270.0,41.0
Pennsylvania,2005,123650.0,25.98,54040.0,42.0
Rhode Island,2005,10620.0,28.08,58400.0,44.0
South Carolina,2005,31160.0,25.03,52060.0,45.0
South Dakota,2005,9040.0,22.84,47500.0,46.0
Tennessee,2005,52090.0,24.64,51250.0,47.0
Texas,2005,149950.0,26.35,54810.0,48.0
Utah,2005,15550.0,25.24,52490.0,49.0
Vermont,2005,5560.0,24.07,50060.0,50.0
Virginia,2005,53850.0,26.19,54480.0,51.0
Washington,2005,47930.0,29.91,62220.0,53.0
West Virginia,2005,15640.0,23.24,48340.0,54.0
Wisconsin,2005,47380.0,26.47,55060.0,55.0
Wyoming,2005,3940.0,23.18,48210.0,56.0
Alabama,2004,37410.0,22.04,45830.0,1.0
Alaska,2004,4950.0,28.77,59830.0,2.0
Arizona,2004,32470.0,25.47,52980.0,4.0
Arkansas,2004,20030.0,22.07,45900.0,5.0
California,2004,223170.0,32.17,66920.0,6.0
Colorado,2004,29710.0,25.88,53830.0,8.0
Connecticut,2004,32370.0,28.86,60040.0,9.0
Delaware,2004,7600.0,27.23,56650.0,10.0
Florida,2004,130410.0,24.38,50710.0,12.0
Georgia,2004,59130.0,23.88,49680.0,13.0
Hawaii,2004,7960.0,29.29,60920.0,15.0
Idaho,2004,10270.0,22.4,46600.0,16.0
Illinois,2004,100330.0,23.93,49770.0,17.0
Indiana,2004,48810.0,22.55,46900.0,18.0
Iowa,2004,29960.0,20.85,43370.0,19.0
Kansas,2004,25800.0,22.11,45990.0,20.0
Kentucky,2004,36430.0,23.1,48050.0,21.0
Louisiana,2004,39140.0,23.47,48820.0,22.0
Maine,2004,13340.0,24.49,50940.0,23.0
Maryland,2004,48630.0,31.12,64720.0,24.0
Massachusetts,2004,75060.0,30.05,62490.0,25.0
Michigan,2004,79320.0,26.11,54320.0,26.0
Minnesota,2004,48220.0,27.47,57130.0,27.0
Mississippi,2004,25800.0,22.44,46680.0,28.0
Missouri,2004,53630.0,23.18,48220.0,29.0
Montana,2004,7610.0,22.15,46070.0,30.0
Nebraska,2004,17340.0,22.92,47680.0,31.0
Nevada,2004,14170.0,27.65,57510.0,32.0
New Hampshire,2004,11840.0,24.16,50250.0,33.0
New Jersey,2004,74540.0,28.76,59810.0,34.0
New Mexico,2004,12150.0,24.85,51690.0,35.0
New York,2004,165800.0,29.17,60680.0,36.0
North Carolina,2004,70630.0,23.83,49580.0,37.0
North Dakota,2004,6430.0,21.82,45400.0,38.0
Ohio,2004,104910.0,24.31,50560.0,39.0
Oklahoma,2004,22540.0,21.75,45230.0,40.0
Oregon,2004,26130.0,27.11,56400.0,41.0
Pennsylvania,2004,122070.0,25.37,52770.0,42.0
Rhode Island,2004,10680.0,26.62,55360.0,44.0
South Carolina,2004,30120.0,24.36,50660.0,45.0
South Dakota,2004,8960.0,21.83,45410.0,46.0
Tennessee,2004,52220.0,23.3,48460.0,47.0
Texas,2004,143630.0,25.32,52670.0,48.0
Utah,2004,13790.0,24.35,50650.0,49.0
Vermont,2004,5700.0,22.94,47720.0,50.0
Virginia,2004,53970.0,24.62,51200.0,51.0
Washington,2004,44290.0,28.17,58600.0,53.0
West Virginia,2004,15380.0,22.54,46890.0,54.0
Wisconsin,2004,45880.0,25.26,52550.0,55.0
Wyoming,2004,3660.0,21.8,45340.0,56.0
Alabama,2016,47440.0,27.36,56900.0,1.0
Alaska,2016,5570.0,41.56,86450.0,2.0
Arizona,2016,52610.0,35.31,73430.0,4.0
Arkansas,2016,23380.0,27.71,57630.0,5.0
California,2016,274650.0,48.92,101750.0,6.0
Colorado,2016,47590.0,33.92,70550.0,8.0
Connecticut,2016,32930.0,37.63,78270.0,9.0
Delaware,2016,11320.0,34.05,70820.0,10.0
Florida,2016,174710.0,31.07,64630.0,12.0
Georgia,2016,73330.0,31.13,64750.0,13.0
Hawaii,2016,11300.0,42.75,88910.0,15.0
Idaho,2016,12330.0,30.04,62470.0,16.0
Illinois,2016,121670.0,34.08,70890.0,17.0
Indiana,2016,63870.0,28.87,60050.0,18.0
Iowa,2016,32370.0,27.06,56290.0,19.0
Kansas,2016,27130.0,28.01,58260.0,20.0
Kentucky,2016,45500.0,28.76,59810.0,21.0
Louisiana,2016,44780.0,30.47,63370.0,22.0
Maine,2016,14190.0,30.67,63800.0,23.0
Maryland,2016,53330.0,35.92,74710.0,24.0
Massachusetts,2016,85140.0,42.82,89060.0,25.0
Michigan,2016,92670.0,33.22,69100.0,26.0
Minnesota,2016,61830.0,35.55,73940.0,27.0
Mississippi,2016,28590.0,27.41,57010.0,28.0
Missouri,2016,67920.0,29.25,60830.0,29.0
Montana,2016,9800.0,30.91,64300.0,30.0
Nebraska,2016,21240.0,29.02,60370.0,31.0
Nevada,2016,20250.0,40.28,83790.0,32.0
New Hampshire,2016,13260.0,33.02,68680.0,33.0
New Jersey,2016,79400.0,38.74,80580.0,34.0
New Mexico,2016,16200.0,33.02,68670.0,35.0
New York,2016,180730.0,38.86,80830.0,36.0
North Carolina,2016,99050.0,29.49,61330.0,37.0
North Dakota,2016,8710.0,29.25,60840.0,38.0
Ohio,2016,128030.0,30.75,63960.0,39.0
Oklahoma,2016,27660.0,29.15,60630.0,40.0
Oregon,2016,35220.0,41.83,87000.0,41.0
Pennsylvania,2016,139480.0,33.06,68770.0,42.0
Rhode Island,2016,12150.0,36.15,75200.0,44.0
South Carolina,2016,41800.0,30.51,63470.0,45.0
South Dakota,2016,12130.0,26.89,55920.0,46.0
Tennessee,2016,60080.0,28.08,58410.0,47.0
Texas,2016,207810.0,33.84,70390.0,48.0
Utah,2016,21470.0,29.98,62360.0,49.0
Vermont,2016,5850.0,32.59,67780.0,50.0
Virginia,2016,63820.0,32.05,66670.0,51.0
Washington,2016,55350.0,38.52,80120.0,53.0
West Virginia,2016,20880.0,28.55,59380.0,54.0
Wisconsin,2016,55410.0,32.66,67930.0,55.0
Wyoming,2016,4970.0,30.28,62980.0,56.0
Alabama,2017,49290.0,27.83,57890.0,1.0
Alaska,2017,5570.0,42.07,87510.0,2.0
Arizona,2017,54630.0,36.11,75110.0,4.0
Arkansas,2017,24380.0,28.28,58810.0,5.0
California,2017,282290.0,49.37,102700.0,6.0
Colorado,2017,49340.0,34.89,72570.0,8.0
Connecticut,2017,34310.0,38.56,80200.0,9.0
Delaware,2017,11620.0,35.18,73180.0,10.0
Florida,2017,178330.0,31.2,64890.0,12.0
Georgia,2017,75000.0,32.09,66750.0,13.0
Hawaii,2017,10800.0,46.63,96990.0,15.0
Idaho,2017,13320.0,31.02,64520.0,16.0
Illinois,2017,123100.0,34.66,72090.0,17.0
Indiana,2017,68530.0,30.02,62450.0,18.0
Iowa,2017,33280.0,27.85,57930.0,19.0
Kansas,2017,28900.0,28.82,59940.0,20.0
Kentucky,2017,44410.0,29.58,61530.0,21.0
Louisiana,2017,45970.0,30.56,63560.0,22.0
Maine,2017,14200.0,31.68,65890.0,23.0
Maryland,2017,53700.0,36.18,75250.0,24.0
Massachusetts,2017,82870.0,42.95,89330.0,25.0
Michigan,2017,94090.0,33.23,69120.0,26.0
Minnesota,2017,64540.0,37.28,77540.0,27.0
Mississippi,2017,28760.0,27.74,57700.0,28.0
Missouri,2017,72090.0,30.43,63300.0,29.0
Montana,2017,10110.0,31.87,66280.0,30.0
Nebraska,2017,22870.0,29.91,62210.0,31.0
Nevada,2017,21060.0,40.86,84980.0,32.0
New Hampshire,2017,13190.0,33.67,70040.0,33.0
New Jersey,2017,80560.0,39.43,82010.0,34.0
New Mexico,2017,16290.0,33.58,69840.0,35.0
New York,2017,180170.0,40.12,83450.0,36.0
North Carolina,2017,99210.0,30.08,62560.0,37.0
North Dakota,2017,9020.0,30.35,63140.0,38.0
Ohio,2017,124620.0,31.49,65500.0,39.0
Oklahoma,2017,28000.0,29.63,61640.0,40.0
Oregon,2017,35140.0,42.68,88770.0,41.0
Pennsylvania,2017,143130.0,33.57,69820.0,42.0
Rhode Island,2017,11820.0,36.85,76650.0,44.0
South Carolina,2017,43200.0,30.59,63630.0,45.0
South Dakota,2017,12530.0,27.41,57010.0,46.0
Tennessee,2017,59350.0,28.87,60050.0,47.0
Texas,2017,212230.0,34.65,72070.0,48.0
Utah,2017,21340.0,30.31,63050.0,49.0
Vermont,2017,6270.0,33.44,69560.0,50.0
Virginia,2017,64260.0,32.69,67990.0,51.0
Washington,2017,56880.0,38.37,79810.0,53.0
West Virginia,2017,20410.0,29.03,60380.0,54.0
Wisconsin,2017,55940.0,33.27,69200.0,55.0
Wyoming,2017,4910.0,31.2,64900.0,56.0
Alabama,2011,45400.0,27.81,57840.0,1.0
Alaska,2011,5460.0,39.46,82080.0,2.0
Arizona,2011,44710.0,34.78,72340.0,4.0
Arkansas,2011,23550.0,27.4,56990.0,5.0
California,2011,250230.0,43.68,90860.0,6.0
Colorado,2011,42510.0,33.02,68670.0,8.0
Connecticut,2011,36320.0,36.47,75850.0,9.0
Delaware,2011,10510.0,34.64,72060.0,10.0
Florida,2011,164800.0,30.78,64020.0,12.0
Georgia,2011,65240.0,29.98,62370.0,13.0
Hawaii,2011,10210.0,40.36,83950.0,15.0
Idaho,2011,11660.0,30.13,62670.0,16.0
Illinois,2011,123770.0,32.31,67190.0,17.0
Indiana,2011,61150.0,28.08,58410.0,18.0
Iowa,2011,33230.0,25.62,53300.0,19.0
Kansas,2011,28180.0,28.25,58750.0,20.0
Kentucky,2011,44810.0,28.86,60040.0,21.0
Louisiana,2011,40840.0,30.86,64190.0,22.0
Maine,2011,14810.0,31.78,66100.0,23.0
Maryland,2011,49620.0,36.29,75490.0,24.0
Massachusetts,2011,87040.0,41.74,86810.0,25.0
Michigan,2011,89670.0,31.46,65430.0,26.0
Minnesota,2011,56660.0,35.7,74250.0,27.0
Mississippi,2011,29640.0,28.59,59480.0,28.0
Missouri,2011,67630.0,28.66,59620.0,29.0
Montana,2011,8700.0,28.94,60190.0,30.0
Nebraska,2011,19170.0,27.91,58060.0,31.0
Nevada,2011,16470.0,37.42,77840.0,32.0
New Hampshire,2011,13850.0,31.38,65280.0,33.0
New Jersey,2011,78180.0,36.76,76460.0,34.0
New Mexico,2011,15400.0,32.05,66660.0,35.0
New York,2011,176180.0,36.23,75370.0,36.0
North Carolina,2011,91300.0,29.31,60960.0,37.0
North Dakota,2011,8960.0,27.69,57600.0,38.0
Ohio,2011,124790.0,29.67,61710.0,39.0
Oklahoma,2011,28290.0,26.99,56130.0,40.0
Oregon,2011,30960.0,37.12,77220.0,41.0
Pennsylvania,2011,130740.0,32.28,67140.0,42.0
Rhode Island,2011,12340.0,34.96,72720.0,44.0
South Carolina,2011,42650.0,29.5,61350.0,45.0
South Dakota,2011,11120.0,26.78,55710.0,46.0
Tennessee,2011,60570.0,29.16,60660.0,47.0
Texas,2011,184890.0,32.49,67580.0,48.0
Utah,2011,19100.0,29.59,61540.0,49.0
Vermont,2011,6370.0,31.35,65210.0,50.0
Virginia,2011,62210.0,31.59,65710.0,51.0
Washington,2011,54490.0,35.98,74840.0,53.0
West Virginia,2011,18280.0,27.32,56820.0,54.0
Wisconsin,2011,56430.0,31.15,64800.0,55.0
Wyoming,2011,4800.0,29.29,60930.0,56.0
Alabama,2014,43680.0,27.15,56470.0,1.0
Alaska,2014,5780.0,41.22,85740.0,2.0
Arizona,2014,47020.0,34.28,71300.0,4.0
Arkansas,2014,22780.0,27.15,56480.0,5.0
California,2014,253310.0,47.31,98400.0,6.0
Colorado,2014,44370.0,33.46,69600.0,8.0
Connecticut,2014,33780.0,36.71,76370.0,9.0
Delaware,2014,10090.0,33.73,70160.0,10.0
Florida,2014,163950.0,30.15,62720.0,12.0
Georgia,2014,68010.0,29.98,62350.0,13.0
Hawaii,2014,10650.0,42.42,88230.0,15.0
Idaho,2014,11890.0,29.0,60320.0,16.0
Illinois,2014,111600.0,32.71,68030.0,17.0
Indiana,2014,59610.0,28.32,58900.0,18.0
Iowa,2014,31860.0,25.97,54020.0,19.0
Kansas,2014,26380.0,27.31,56800.0,20.0
Kentucky,2014,43740.0,27.87,57980.0,21.0
Louisiana,2014,40460.0,28.96,60230.0,22.0
Maine,2014,14460.0,30.44,63320.0,23.0
Maryland,2014,47790.0,34.72,72210.0,24.0
Massachusetts,2014,79910.0,41.23,85770.0,25.0
Michigan,2014,90340.0,32.3,67180.0,26.0
Minnesota,2014,56000.0,34.35,71450.0,27.0
Mississippi,2014,28070.0,27.19,56560.0,28.0
Missouri,2014,67250.0,27.9,58040.0,29.0
Montana,2014,9500.0,29.72,61810.0,30.0
Nebraska,2014,20040.0,27.67,57550.0,31.0
Nevada,2014,18430.0,38.58,80240.0,32.0
New Hampshire,2014,12390.0,31.63,65790.0,33.0
New Jersey,2014,76790.0,37.66,78330.0,34.0
New Mexico,2014,14930.0,31.63,65790.0,35.0
New York,2014,169560.0,37.07,77110.0,36.0
North Carolina,2014,89070.0,28.86,60030.0,37.0
North Dakota,2014,7680.0,27.94,58120.0,38.0
Ohio,2014,126880.0,30.04,62490.0,39.0
Oklahoma,2014,26390.0,27.8,57830.0,40.0
Oregon,2014,31050.0,39.87,82940.0,41.0
Pennsylvania,2014,128750.0,32.01,66570.0,42.0
Rhode Island,2014,11800.0,36.3,75510.0,44.0
South Carolina,2014,41270.0,28.69,59670.0,45.0
South Dakota,2014,11620.0,25.95,53970.0,46.0
Tennessee,2014,55560.0,27.42,57030.0,47.0
Texas,2014,190170.0,32.98,68590.0,48.0
Utah,2014,19550.0,29.37,61100.0,49.0
Vermont,2014,6540.0,30.92,64320.0,50.0
Virginia,2014,62700.0,30.71,63880.0,51.0
Washington,2014,51600.0,37.76,78540.0,53.0
West Virginia,2014,19120.0,27.11,56390.0,54.0
Wisconsin,2014,57270.0,31.54,65590.0,55.0
Wyoming,2014,4850.0,29.23,60790.0,56.0
Alabama,2000,31240.0,20.09,41790.0,1.0
Alaska,2000,4620.0,25.08,52170.0,2.0
Arizona,2000,28680.0,22.63,47070.0,4.0
Arkansas,2000,17610.0,18.64,38770.0,5.0
California,2000,203390.0,26.99,56140.0,6.0
Colorado,2000,30300.0,21.9,45550.0,8.0
Connecticut,2000,30860.0,24.65,51270.0,9.0
Delaware,2000,6600.0,24.86,51710.0,10.0
Florida,2000,149060.0,21.04,43770.0,12.0
Georgia,2000,49370.0,21.38,44460.0,13.0
Hawaii,2000,7740.0,26.46,55040.0,15.0
Idaho,2000,9670.0,21.0,43680.0,16.0
Illinois,2000,103320.0,21.79,45320.0,17.0
Indiana,2000,47900.0,19.95,41490.0,18.0
Iowa,2000,26060.0,17.98,37410.0,19.0
Kansas,2000,21340.0,18.59,38670.0,20.0
Kentucky,2000,34140.0,19.58,40720.0,21.0
Louisiana,2000,34340.0,20.62,42890.0,22.0
Maine,2000,11430.0,20.31,42240.0,23.0
Maryland,2000,43610.0,26.74,55610.0,24.0
Massachusetts,2000,76470.0,24.02,49970.0,25.0
Michigan,2000,78250.0,22.78,47380.0,26.0
Minnesota,2000,46630.0,23.69,49270.0,27.0
Mississippi,2000,21970.0,19.62,40810.0,28.0
Missouri,2000,49160.0,20.07,41740.0,29.0
Montana,2000,7490.0,18.14,37740.0,30.0
Nebraska,2000,15660.0,18.63,38750.0,31.0
Nevada,2000,11310.0,24.62,51200.0,32.0
New Hampshire,2000,11370.0,20.31,42240.0,33.0
New Jersey,2000,72620.0,24.5,50950.0,34.0
New Mexico,2000,10400.0,20.73,43110.0,35.0
New York,2000,159670.0,24.36,50660.0,36.0
North Carolina,2000,60940.0,20.79,43250.0,37.0
North Dakota,2000,6550.0,19.6,40760.0,38.0
Ohio,2000,100540.0,20.81,43280.0,39.0
Oklahoma,2000,22200.0,19.36,40260.0,40.0
Oregon,2000,24180.0,23.66,49210.0,41.0
Pennsylvania,2000,110720.0,21.12,43940.0,42.0
Rhode Island,2000,11130.0,22.88,47590.0,44.0
South Carolina,2000,26320.0,21.71,45150.0,45.0
South Dakota,2000,8140.0,18.38,38230.0,46.0
Tennessee,2000,50610.0,21.31,44330.0,47.0
Texas,2000,132880.0,20.97,43620.0,48.0
Utah,2000,13750.0,21.0,43680.0,49.0
Vermont,2000,4800.0,20.43,42490.0,50.0
Virginia,2000,46160.0,20.85,43370.0,51.0
Washington,2000,42380.0,24.22,50380.0,53.0
West Virginia,2000,15910.0,18.8,39090.0,54.0
Wisconsin,2000,47940.0,21.61,44960.0,55.0
Wyoming,2000,3510.0,17.93,37290.0,56.0
Alabama,1999,31180.0,18.65,38790.0,1.0
Alaska,1999,4190.0,23.29,48440.0,2.0
Arizona,1999,32070.0,20.84,43340.0,4.0
Arkansas,1999,19110.0,18.4,38280.0,5.0
California,1999,224190.0,26.0,54070.0,6.0
Colorado,1999,29770.0,21.01,43700.0,8.0
Connecticut,1999,30870.0,23.79,49480.0,9.0
Delaware,1999,6690.0,20.88,43430.0,10.0
Florida,1999,116300.0,20.36,42350.0,12.0
Georgia,1999,50980.0,19.56,40670.0,13.0
Hawaii,1999,8450.0,27.37,56930.0,15.0
Idaho,1999,9930.0,19.43,40410.0,16.0
Illinois,1999,106990.0,20.15,41910.0,17.0
Indiana,1999,49780.0,18.98,39480.0,18.0
Iowa,1999,26860.0,16.76,34860.0,19.0
Kansas,1999,20870.0,18.44,38360.0,20.0
Kentucky,1999,34600.0,19.32,40180.0,21.0
Louisiana,1999,37450.0,20.27,42150.0,22.0
Maine,1999,12440.0,19.46,40480.0,23.0
Maryland,1999,45910.0,23.54,48960.0,24.0
Massachusetts,1999,77180.0,23.66,49200.0,25.0
Michigan,1999,82200.0,21.88,45500.0,26.0
Minnesota,1999,44540.0,23.39,48650.0,27.0
Mississippi,1999,22510.0,19.2,39940.0,28.0
Missouri,1999,53250.0,18.92,39360.0,29.0
Montana,1999,8070.0,17.61,36640.0,30.0
Nebraska,1999,15180.0,18.07,37590.0,31.0
Nevada,1999,9810.0,23.05,47930.0,32.0
New Hampshire,1999,11990.0,18.89,39290.0,33.0
New Jersey,1999,76630.0,24.46,50880.0,34.0
New Mexico,1999,7760.0,19.34,40220.0,35.0
New York,1999,160460.0,24.27,50470.0,36.0
North Carolina,1999,56740.0,19.57,40700.0,37.0
North Dakota,1999,6520.0,18.07,37580.0,38.0
Ohio,1999,109180.0,19.69,40950.0,39.0
Oklahoma,1999,21330.0,18.76,39020.0,40.0
Oregon,1999,22200.0,22.45,46690.0,41.0
Pennsylvania,1999,110660.0,20.92,43510.0,42.0
Rhode Island,1999,11290.0,23.1,48040.0,44.0
South Carolina,1999,24390.0,20.41,42460.0,45.0
South Dakota,1999,8000.0,17.89,37210.0,46.0
Tennessee,1999,50070.0,18.78,39060.0,47.0
Texas,1999,138690.0,20.49,42620.0,48.0
Utah,1999,14370.0,20.41,42460.0,49.0
Vermont,1999,4450.0,19.81,41200.0,50.0
Virginia,1999,45430.0,19.86,41310.0,51.0
Washington,1999,35160.0,23.43,48740.0,53.0
West Virginia,1999,17160.0,17.92,37270.0,54.0
Wisconsin,1999,46020.0,19.74,41060.0,55.0
Wyoming,1999,3460.0,17.06,35480.0,56.0
Alabama,1998,28130.0,18.16,37770.0,1.0
Alaska,1998,3810.0,23.35,48560.0,2.0
Arizona,1998,28740.0,19.84,41270.0,4.0
Arkansas,1998,19020.0,17.94,37320.0,5.0
California,1998,172210.0,24.91,51810.0,6.0
Colorado,1998,27420.0,20.36,42340.0,8.0
Connecticut,1998,29470.0,23.17,48180.0,9.0
Delaware,1998,6190.0,20.25,42110.0,10.0
Florida,1998,116900.0,20.01,41630.0,12.0
Georgia,1998,50640.0,18.94,39390.0,13.0
Hawaii,1998,8560.0,27.11,56390.0,15.0
Idaho,1998,7430.0,18.89,39300.0,16.0
Illinois,1998,98300.0,18.98,39480.0,17.0
Indiana,1998,46490.0,18.3,38060.0,18.0
Iowa,1998,24800.0,16.04,33370.0,19.0
Kansas,1998,22740.0,17.99,37420.0,20.0
Kentucky,1998,31280.0,18.53,38530.0,21.0
Louisiana,1998,32180.0,20.19,42000.0,22.0
Maine,1998,11620.0,18.59,38670.0,23.0
Maryland,1998,40790.0,21.11,43920.0,24.0
Massachusetts,1998,72050.0,23.64,49170.0,25.0
Michigan,1998,70010.0,21.1,43880.0,26.0
Minnesota,1998,38940.0,22.53,46870.0,27.0
Mississippi,1998,20290.0,18.92,39360.0,28.0
Missouri,1998,48580.0,18.41,38300.0,29.0
Montana,1998,6850.0,16.78,34900.0,30.0
Nebraska,1998,15720.0,17.6,36610.0,31.0
Nevada,1998,9420.0,22.58,46970.0,32.0
New Hampshire,1998,10500.0,18.2,37850.0,33.0
New Jersey,1998,67810.0,23.71,49310.0,34.0
New Mexico,1998,10490.0,19.08,39690.0,35.0
New York,1998,150760.0,23.88,49660.0,36.0
North Carolina,1998,59900.0,20.02,41650.0,37.0
North Dakota,1998,6440.0,17.98,37400.0,38.0
Ohio,1998,100180.0,19.05,39630.0,39.0
Oklahoma,1998,23140.0,17.67,36760.0,40.0
Oregon,1998,20990.0,20.94,43560.0,41.0
Pennsylvania,1998,103680.0,20.27,42170.0,42.0
Rhode Island,1998,9770.0,22.63,47080.0,44.0
South Carolina,1998,26770.0,18.69,38870.0,45.0
South Dakota,1998,7620.0,17.02,35400.0,46.0
Tennessee,1998,42790.0,18.44,38360.0,47.0
Texas,1998,125070.0,19.88,41360.0,48.0
Utah,1998,13080.0,20.2,42020.0,49.0
Vermont,1998,5130.0,18.84,39190.0,50.0
Virginia,1998,45780.0,19.37,40280.0,51.0
Washington,1998,39620.0,22.74,47310.0,53.0
West Virginia,1998,14840.0,17.72,36870.0,54.0
Wisconsin,1998,41620.0,18.92,39350.0,55.0
Wyoming,1998,3520.0,16.74,34820.0,56.0
